{
  "rank": 3,
  "agent_name": "ppo",
  "status": "ok",
  "initial_value": 1000000.0,
  "final_value": 1829807.5647327425,
  "profit_loss": 829807.5647327425,
  "total_return_pct": 82.98075647327425,
  "max_drawdown_pct": -34.450289427081046,
  "annualized_volatility_pct": 36.57126202945888,
  "annualized_sharpe": 0.8770289462566809,
  "cvar_pct": -3.9807119605872394,
  "total_transaction_cost": null,
  "total_trades": null,
  "turnover_estimate_pct": null,
  "finrl_trades": 2057.0,
  "finrl_cost": 999.4360759735107,
  "trading_status": "ok_trading",
  "action_mean_abs": 0.11226600221431969,
  "action_max_abs": 0.5930075645446777,
  "non_zero_action_steps": 600.0
}