{
  "rank": 1,
  "agent_name": "a2c",
  "status": "ok",
  "initial_value": 1000000.0,
  "final_value": 3900810.2333991094,
  "profit_loss": 2900810.2333991094,
  "total_return_pct": 290.0810233399109,
  "max_drawdown_pct": -41.14936324772642,
  "annualized_volatility_pct": 51.556126202726645,
  "annualized_sharpe": 1.363458750526866,
  "cvar_pct": -5.133882214143273,
  "total_transaction_cost": null,
  "total_trades": null,
  "turnover_estimate_pct": null,
  "finrl_trades": 2394.0,
  "finrl_cost": 998.983092590332,
  "trading_status": "ok_trading",
  "action_mean_abs": 0.5100299063759546,
  "action_max_abs": 1.0,
  "non_zero_action_steps": 600.0
}